name,shortName,gps,version,catalog,doi,detail_url,mass_1_source,mass_1_source_lower,mass_1_source_upper,mass_2_source,mass_2_source_lower,mass_2_source_upper,network_matched_filter_snr,network_matched_filter_snr_lower,network_matched_filter_snr_upper,luminosity_distance,luminosity_distance_lower,luminosity_distance_upper,chi_eff,chi_eff_lower,chi_eff_upper,total_mass_source,total_mass_source_lower,total_mass_source_upper,chirp_mass_source,chirp_mass_source_lower,chirp_mass_source_upper,chirp_mass,chirp_mass_lower,chirp_mass_upper,redshift,redshift_lower,redshift_upper,far,far_lower,far_upper,p_astro,p_astro_lower,p_astro_upper,final_mass_source,final_mass_source_lower,final_mass_source_upper
GW231226_101520,GW231226_101520-v2,1387620938.3,2,GWTC-4.1,https://doi.org/10.7935/6xqf-ba54,https://gwosc.org/api/v2/event-versions/GW231226_101520-v2,40.2,-2.9,4.4,35.1,-4.9,3.2,34.7,,,1180.0,-360.0,240.0,-0.08,-0.1,0.09,75.0,-3.1,3.9,32.5,-1.5,1.8,,,,0.23,-0.06,0.04,1e-05,,,0.99,,,71.6,-2.8,3.7
GW230927_153832,GW230927_153832-v2,1379864330.9,2,GWTC-4.1,https://doi.org/10.7935/6xqf-ba54,https://gwosc.org/api/v2/event-versions/GW230927_153832-v2,21.7,-2.8,3.8,16.6,-2.6,2.5,20.3,,,1190.0,-540.0,370.0,0.03,-0.08,0.08,38.3,-2.1,3.3,16.37,-0.8,1.43,,,,0.23,-0.1,0.06,1e-05,,,0.99,,,36.5,-2.1,3.1
GW231123_135430,GW231123_135430-v3,1384782888.7,3,GWTC-4.1,https://doi.org/10.7935/6xqf-ba54,https://gwosc.org/api/v2/event-versions/GW231123_135430-v3,137.0,-18.0,23.0,101.0,-50.0,22.0,21.8,,,2200.0,-1500.0,1900.0,0.32,-0.41,0.25,236.0,-47.0,30.0,101.0,-30.0,13.0,,,,0.4,-0.25,0.27,1e-05,,,0.99,,,222.0,-42.0,28.0
GW230919_215712,GW230919_215712-v2,1379195850.0,2,GWTC-4.1,https://doi.org/10.7935/6xqf-ba54,https://gwosc.org/api/v2/event-versions/GW230919_215712-v2,27.3,-3.7,5.5,21.4,-4.2,3.5,16.8,,,1330.0,-510.0,790.0,0.18,-0.13,0.13,49.1,-4.5,4.2,21.0,-2.0,1.9,,,,0.25,-0.09,0.13,1e-05,,,0.99,,,46.5,-4.3,4.0
GW230627_015337,GW230627_015337-v2,1371866035.8,2,GWTC-4.1,https://doi.org/10.7935/6xqf-ba54,https://gwosc.org/api/v2/event-versions/GW230627_015337-v2,8.4,-1.3,1.7,5.74,-0.92,0.99,28.7,,,305.0,-139.0,65.0,0.02,-0.04,0.08,14.22,-0.47,0.79,6.02,-0.07,0.17,,,,0.07,-0.03,0.01,1e-05,,,0.99,,,13.57,-0.48,0.83
GW230628_231200,GW230628_231200-v2,1372029138.4,2,GWTC-4.1,https://doi.org/10.7935/6xqf-ba54,https://gwosc.org/api/v2/event-versions/GW230628_231200-v2,32.5,-3.9,6.1,27.0,-5.2,4.9,16.4,,,2260.0,-1080.0,790.0,-0.01,-0.17,0.16,59.2,-4.9,8.5,25.5,-2.2,3.8,,,,0.4,-0.17,0.12,1e-05,,,0.99,,,56.4,-4.5,8.0
GW231028_153006,GW231028_153006-v2,1382542224.3,2,GWTC-4.1,https://doi.org/10.7935/6xqf-ba54,https://gwosc.org/api/v2/event-versions/GW231028_153006-v2,94.0,-19.0,32.0,59.0,-24.0,21.0,22.4,,,4200.0,-1900.0,1300.0,0.45,-0.19,0.16,153.0,-14.0,29.0,63.0,-9.7,13.1,,,,0.68,-0.26,0.17,1e-05,,,0.99,,,144.0,-13.0,27.0
GW231102_071736,GW231102_071736-v2,1382944674.4,2,GWTC-4.1,https://doi.org/10.7935/6xqf-ba54,https://gwosc.org/api/v2/event-versions/GW231102_071736-v2,61.0,-12.0,14.0,42.0,-13.0,13.0,15.6,,,3800.0,-1800.0,2100.0,0.06,-0.22,0.22,102.0,-13.0,21.0,43.3,-6.3,9.5,,,,0.63,-0.26,0.27,1e-05,,,0.99,,,98.0,-13.0,19.0
GW230914_111401,GW230914_111401-v2,1378725259.7,2,GWTC-4.1,https://doi.org/10.7935/6xqf-ba54,https://gwosc.org/api/v2/event-versions/GW230914_111401-v2,60.0,-11.0,12.0,37.0,-12.0,13.0,17.2,,,2700.0,-1200.0,1600.0,0.12,-0.19,0.19,96.0,-10.0,15.0,39.8,-6.2,7.6,,,,0.47,-0.19,0.22,1e-05,,,0.99,,,91.2,-9.9,14.2
GW230924_124453,GW230924_124453-v2,1379594711.8,2,GWTC-4.1,https://doi.org/10.7935/6xqf-ba54,https://gwosc.org/api/v2/event-versions/GW230924_124453-v2,28.8,-4.0,5.7,23.2,-4.3,4.4,13.5,,,2400.0,-1000.0,1000.0,0.02,-0.18,0.18,51.8,-4.9,7.1,22.3,-2.1,3.1,,,,0.42,-0.16,0.15,1e-05,,,0.99,,,49.4,-4.6,6.7
GW230601_224134,GW230601_224134-v2,1369694512.1,2,GWTC-4.1,https://doi.org/10.7935/6xqf-ba54,https://gwosc.org/api/v2/event-versions/GW230601_224134-v2,64.0,-13.0,17.0,44.0,-15.0,14.0,13.4,,,3700.0,-1800.0,2100.0,-0.03,-0.32,0.27,107.0,-15.0,22.0,45.1,-7.4,9.8,,,,0.6,-0.26,0.27,1e-05,,,0.99,,,102.0,-14.0,21.0
GW230922_040658,GW230922_040658-v2,1379390836.1,2,GWTC-4.1,https://doi.org/10.7935/6xqf-ba54,https://gwosc.org/api/v2/event-versions/GW230922_040658-v2,76.0,-18.0,28.0,51.0,-24.0,22.0,12.5,,,6500.0,-3500.0,4100.0,0.31,-0.31,0.26,125.0,-21.0,37.0,52.0,-11.0,17.0,,,,0.96,-0.45,0.47,1e-05,,,0.99,,,119.0,-21.0,34.0
GW230824_033047,GW230824_033047-v2,1376883065.7,2,GWTC-4.1,https://doi.org/10.7935/6xqf-ba54,https://gwosc.org/api/v2/event-versions/GW230824_033047-v2,53.0,-11.0,16.0,36.0,-13.0,13.0,11.1,,,4700.0,-2300.0,2900.0,-0.01,-0.27,0.23,88.0,-13.0,20.0,36.9,-6.3,9.3,,,,0.74,-0.32,0.35,1e-05,,,0.99,,,84.0,-13.0,19.0
GW230707_124047,GW230707_124047-v2,1372768865.3,2,GWTC-4.1,https://doi.org/10.7935/6xqf-ba54,https://gwosc.org/api/v2/event-versions/GW230707_124047-v2,46.1,-8.3,12.2,36.3,-9.6,10.6,11.9,,,4400.0,-2300.0,2400.0,-0.05,-0.28,0.25,82.0,-12.0,20.0,35.1,-5.3,8.6,,,,0.71,-0.32,0.29,0.00042,,,0.99,,,78.0,-11.0,19.0
GW240621_195059,GW240621_195059-v1,1403034677.4,1,GWTC-5.0,https://doi.org/10.7935/bk00-6a89,https://gwosc.org/api/v2/event-versions/GW240621_195059-v1,36.8,-3.7,4.4,29.7,-5.2,4.1,28.2,,,1210.0,-430.0,260.0,,,,66.0,-2.8,4.6,28.4,-1.4,2.2,,,,0.23,-0.08,0.04,1e-05,,,0.99,,,62.9,-2.6,4.2
GW240920_124024,GW240920_124024-v1,1410871242.9,1,GWTC-5.0,https://doi.org/10.7935/bk00-6a89,https://gwosc.org/api/v2/event-versions/GW240920_124024-v1,37.1,-2.8,4.0,31.9,-3.9,3.0,37.4,,,1090.0,-320.0,220.0,-0.04,-0.09,0.08,68.8,-2.6,3.7,29.8,-1.2,1.7,,,,0.21,-0.06,0.04,1e-05,,,0.99,,,65.6,-2.4,3.5
GW241127_061008,GW241127_061008-v1,1416723026.2,1,GWTC-5.0,https://doi.org/10.7935/bk00-6a89,https://gwosc.org/api/v2/event-versions/GW241127_061008-v1,63.8,-7.7,8.7,20.8,-3.4,6.5,31.3,,,1080.0,-180.0,220.0,-0.16,-0.14,0.13,85.3,-5.6,6.0,30.8,-2.0,3.6,,,,0.21,-0.03,0.04,1e-05,,,0.99,,,83.0,-5.4,6.2
GW250114_082203,GW250114_082203-v2,1420878141.2,2,GWTC-5.0,https://doi.org/10.7935/bk00-6a89,https://gwosc.org/api/v2/event-versions/GW250114_082203-v2,33.76,-0.9,1.28,32.26,-1.47,0.95,78.6,,,405.0,-73.0,84.0,-0.03,-0.05,0.04,66.0,-1.2,1.1,28.71,-0.51,0.5,,,,0.09,-0.01,0.02,1e-05,,,0.99,,,62.9,-1.1,1.0
GW240925_005809,GW240925_005809-v2,1411261108.0,2,GWTC-5.0,https://doi.org/10.7935/bk00-6a89,https://gwosc.org/api/v2/event-versions/GW240925_005809-v2,9.02,-0.99,1.97,6.99,-1.27,0.83,31.2,,,356.0,-162.0,61.0,0.02,-0.02,0.08,16.07,-0.44,0.71,6.85,-0.08,0.22,,,,0.08,-0.03,0.01,1e-05,,,0.99,,,15.32,-0.44,0.75
GW240615_113620,GW240615_113620-v1,1402486598.7,1,GWTC-5.0,https://doi.org/10.7935/bk00-6a89,https://gwosc.org/api/v2/event-versions/GW240615_113620-v1,34.0,-3.7,5.4,26.4,-4.8,4.0,26.4,,,1560.0,-450.0,290.0,-0.07,-0.13,0.11,60.4,-2.5,3.5,25.9,-1.2,1.7,,,,0.29,-0.08,0.05,1e-05,,,0.99,,,57.8,-2.4,3.3
GW241129_021832,GW241129_021832-v1,1416881930.6,1,GWTC-5.0,https://doi.org/10.7935/bk00-6a89,https://gwosc.org/api/v2/event-versions/GW241129_021832-v1,30.4,-4.5,6.8,23.0,-4.8,4.5,16.7,,,2550.0,-910.0,740.0,0.17,-0.16,0.16,53.3,-4.2,6.1,22.7,-1.7,2.8,,,,0.45,-0.14,0.11,1e-05,,,0.99,,,50.6,-3.9,5.7
GW241225_082815,GW241225_082815-v1,1419150513.7,1,GWTC-5.0,https://doi.org/10.7935/bk00-6a89,https://gwosc.org/api/v2/event-versions/GW241225_082815-v1,55.7,-8.5,11.0,42.2,-9.4,8.4,19.5,,,1880.0,-880.0,1080.0,-0.17,-0.22,0.21,98.0,-11.0,14.0,41.8,-5.2,6.1,,,,0.34,-0.15,0.16,1e-05,,,0.99,,,94.0,-11.0,13.0
GW241102_124058,GW241102_124058-v1,1414586476.8,1,GWTC-5.0,https://doi.org/10.7935/bk00-6a89,https://gwosc.org/api/v2/event-versions/GW241102_124058-v1,10.9,-1.4,3.2,8.0,-1.7,1.2,21.7,,,390.0,-112.0,59.0,0.06,-0.04,0.11,19.01,-0.47,1.45,8.12,-0.09,0.17,,,,0.08,-0.02,0.01,1e-05,,,0.99,,,18.1,-0.46,1.54
GW250119_025138,GW250119_025138-v1,1421290316.8,1,GWTC-5.0,https://doi.org/10.7935/bk00-6a89,https://gwosc.org/api/v2/event-versions/GW250119_025138-v1,33.8,-4.8,6.3,26.7,-6.3,5.6,14.5,,,3100.0,-1300.0,1100.0,0.06,-0.18,0.18,59.9,-5.4,8.8,25.7,-2.5,4.0,,,,0.52,-0.19,0.15,1e-05,,,0.99,,,57.1,-5.0,8.2
GW240919_061559,GW240919_061559-v1,1410761777.2,1,GWTC-5.0,https://doi.org/10.7935/bk00-6a89,https://gwosc.org/api/v2/event-versions/GW240919_061559-v1,38.3,-5.5,6.6,29.6,-5.9,5.4,16.9,,,1870.0,-740.0,820.0,-0.02,-0.17,0.16,67.8,-5.9,7.0,29.0,-2.6,3.2,,,,0.34,-0.12,0.12,1e-05,,,0.99,,,64.7,-5.6,6.5
GW240705_053215,GW240705_053215-v1,1404192753.9,1,GWTC-5.0,https://doi.org/10.7935/bk00-6a89,https://gwosc.org/api/v2/event-versions/GW240705_053215-v1,47.1,-7.7,9.7,35.3,-8.2,8.0,16.8,,,3700.0,-1600.0,1400.0,-0.03,-0.21,0.2,81.9,-8.1,12.8,34.9,-3.6,5.7,,,,0.61,-0.23,0.18,1e-05,,,0.99,,,78.2,-7.7,12.1
GW241102_144729,GW241102_144729-v1,1414594067.7,1,GWTC-5.0,https://doi.org/10.7935/bk00-6a89,https://gwosc.org/api/v2/event-versions/GW241102_144729-v1,44.4,-8.6,12.3,31.0,-11.1,9.9,12.7,,,3400.0,-1600.0,2000.0,-0.09,-0.27,0.21,75.1,-9.8,13.6,31.5,-4.8,6.5,,,,0.57,-0.23,0.26,1e-05,,,0.99,,,72.0,-9.4,12.7
GW250118_170523,GW250118_170523-v1,1421255141.2,1,GWTC-5.0,https://doi.org/10.7935/bk00-6a89,https://gwosc.org/api/v2/event-versions/GW250118_170523-v1,38.1,-5.6,8.1,29.6,-6.3,5.4,13.9,,,1910.0,-740.0,800.0,0.12,-0.19,0.18,67.8,-6.7,7.9,29.0,-2.9,3.5,,,,0.35,-0.12,0.12,1e-05,,,0.99,,,64.4,-6.2,7.3
GW240514_121713,GW240514_121713-v1,1399724251.7,1,GWTC-5.0,https://doi.org/10.7935/bk00-6a89,https://gwosc.org/api/v2/event-versions/GW240514_121713-v1,46.8,-6.3,9.3,36.7,-10.6,7.5,16.9,,,2590.0,-1040.0,820.0,0.01,-0.18,0.17,82.7,-6.8,11.2,35.4,-3.7,5.2,,,,0.45,-0.16,0.12,1e-05,,,0.99,,,78.9,-6.3,10.4
GW241130_034908,GW241130_034908-v1,1416973766.6,1,GWTC-5.0,https://doi.org/10.7935/bk00-6a89,https://gwosc.org/api/v2/event-versions/GW241130_034908-v1,29.9,-4.1,5.8,24.3,-4.1,4.1,13.8,,,1990.0,-930.0,990.0,0.05,-0.15,0.15,54.2,-5.1,6.7,23.3,-2.2,2.9,,,,0.36,-0.15,0.15,1e-05,,,0.99,,,51.6,-4.9,6.3
GW250108_152221,GW250108_152221-v1,1420384959.7,1,GWTC-5.0,https://doi.org/10.7935/bk00-6a89,https://gwosc.org/api/v2/event-versions/GW250108_152221-v1,54.0,-12.0,15.0,36.0,-10.0,10.0,11.8,,,3800.0,-1900.0,2400.0,0.05,-0.28,0.28,90.0,-13.0,17.0,37.6,-5.5,7.7,,,,0.63,-0.28,0.3,0.00015,,,0.99,,,86.0,-12.0,17.0
GW240406_062847,GW240406_062847-v1,1396420145.9,1,GWTC-5.0,https://doi.org/10.7935/bk00-6a89,https://gwosc.org/api/v2/event-versions/GW240406_062847-v1,,,,,,,11.3,,,,,,,,,,,,,,,,,,,,,1e-05,,,0.99,,,,,
GW241006_015333,GW241006_015333-v1,1412214831.5,1,GWTC-5.0,https://doi.org/10.7935/bk00-6a89,https://gwosc.org/api/v2/event-versions/GW241006_015333-v1,24.6,-2.8,4.2,20.3,-3.1,2.8,17.6,,,1850.0,-710.0,650.0,0.07,-0.13,0.13,44.9,-3.0,4.2,19.4,-1.3,1.8,,,,0.34,-0.12,0.1,1e-05,,,0.99,,,42.7,-2.9,4.0
GW190412,GW190412-v5,1239082262.1,5,IAS-O3a,https://doi.org/10.5281/zenodo.15061562,https://gwosc.org/api/v2/event-versions/GW190412-v5,31.0,-13.0,15.0,8.0,-2.0,6.0,17.9,,,700.0,-300.0,400.0,0.2,-0.4,0.4,39.0,-8.0,14.0,13.3,-0.9,1.6,15.2,-1.0,2.4,0.15,-0.07,0.06,0.001,,,1.0,,,,,
GW190828_063405,GW190828_063405-v3,1251009263.7,3,IAS-O3a,https://doi.org/10.5281/zenodo.15061562,https://gwosc.org/api/v2/event-versions/GW190828_063405-v3,33.0,-5.0,64.0,26.0,-12.0,9.0,16.0,,,2300.0,-1200.0,1700.0,0.2,-0.6,0.5,58.0,-5.0,68.0,25.0,-3.0,19.0,35.0,-7.0,37.0,0.41,-0.19,0.24,0.001,,,1.0,,,,,
GW190513_205428,GW190513_205428-v3,1241816086.7,3,IAS-O3a,https://doi.org/10.5281/zenodo.15061562,https://gwosc.org/api/v2/event-versions/GW190513_205428-v3,41.0,-14.0,58.0,18.0,-6.0,14.0,12.0,,,2400.0,-1200.0,2000.0,0.3,-0.7,0.4,58.0,-9.0,66.0,23.0,-4.0,17.0,32.0,-6.0,34.0,0.42,-0.19,0.28,0.001,,,1.0,,,,,
GW190706_222641,GW190706_222641-v3,1246487219.3,3,IAS-O3a,https://doi.org/10.5281/zenodo.15061562,https://gwosc.org/api/v2/event-versions/GW190706_222641-v3,67.0,-17.0,103.0,38.0,-20.0,20.0,13.1,,,5000.0,-3000.0,3000.0,0.4,-1.0,0.3,104.0,-15.0,107.0,42.0,-10.0,25.0,80.0,-30.0,40.0,0.8,-0.5,0.4,0.001,,,1.0,,,,,
GW190521_074359,GW190521_074359-v3,1242459857.4,3,IAS-O3a,https://doi.org/10.5281/zenodo.15061562,https://gwosc.org/api/v2/event-versions/GW190521_074359-v3,43.0,-6.0,80.0,35.0,-17.0,8.0,24.0,,,1000.0,-500.0,800.0,0.1,-0.7,0.4,78.0,-11.0,86.0,33.0,-7.0,23.0,40.0,-10.0,35.0,0.21,-0.1,0.13,0.001,,,1.0,,,,,
GW190519_153544,GW190519_153544-v3,1242315362.4,3,IAS-O3a,https://doi.org/10.5281/zenodo.15061562,https://gwosc.org/api/v2/event-versions/GW190519_153544-v3,62.0,-14.0,93.0,41.0,-23.0,14.0,14.5,,,3000.0,-1600.0,3000.0,0.4,-1.0,0.3,103.0,-19.0,92.0,43.0,-13.0,19.0,70.0,-30.0,40.0,0.5,-0.2,0.4,0.001,,,1.0,,,,,
GW190602_175927,GW190602_175927-v3,1243533585.1,3,IAS-O3a,https://doi.org/10.5281/zenodo.15061562,https://gwosc.org/api/v2/event-versions/GW190602_175927-v3,73.0,-17.0,98.0,44.0,-25.0,19.0,12.4,,,3000.0,-1900.0,2600.0,0.2,-0.9,0.4,120.0,-20.0,90.0,49.0,-14.0,21.0,80.0,-40.0,30.0,0.5,-0.3,0.4,0.001,,,1.0,,,,,
GW190408_181802,GW190408_181802-v3,1238782700.3,3,IAS-O3a,https://doi.org/10.5281/zenodo.15061562,https://gwosc.org/api/v2/event-versions/GW190408_181802-v3,25.0,-4.0,45.0,18.0,-8.0,5.0,14.3,,,1600.0,-800.0,1000.0,0.0,-0.7,0.6,43.0,-5.0,42.0,18.0,-3.0,9.0,24.0,-6.0,16.0,0.3,-0.14,0.15,0.001,,,1.0,,,,,
GW190727_060333,GW190727_060333-v3,1248242632.0,3,IAS-O3a,https://doi.org/10.5281/zenodo.15061562,https://gwosc.org/api/v2/event-versions/GW190727_060333-v3,38.0,-6.0,80.0,29.0,-14.0,11.0,11.7,,,3300.0,-1900.0,2400.0,0.1,-0.8,0.4,67.0,-9.0,83.0,28.0,-5.0,21.0,45.0,-14.0,46.0,0.6,-0.3,0.3,0.001,,,1.0,,,,,
GW200129_065458,GW200129_065458-v1,1264316116.4,1,GWTC-3-confident,https://doi.org/10.7935/b024-1886,https://gwosc.org/api/v2/event-versions/GW200129_065458-v1,34.5,-3.1,9.9,29.0,-9.3,3.3,26.8,-0.2,0.2,890.0,-370.0,260.0,0.11,-0.16,0.11,63.3,-3.4,4.5,27.2,-2.3,2.1,,,,0.18,-0.07,0.05,1e-05,,,0.99,,,60.2,-3.2,4.1
GW200224_222234,GW200224_222234-v1,1266618172.4,1,GWTC-3-confident,https://doi.org/10.7935/b024-1886,https://gwosc.org/api/v2/event-versions/GW200224_222234-v1,40.0,-4.5,6.7,32.7,-7.2,4.8,20.0,-0.2,0.2,1710.0,-650.0,500.0,0.1,-0.16,0.15,72.3,-5.3,7.2,31.1,-2.7,3.3,,,,0.32,-0.11,0.08,1e-05,,,0.99,,,68.7,-4.8,6.7
GW200311_115853,GW200311_115853-v1,1267963151.3,1,GWTC-3-confident,https://doi.org/10.7935/b024-1886,https://gwosc.org/api/v2/event-versions/GW200311_115853-v1,34.2,-3.8,6.4,27.7,-5.9,4.1,17.8,-0.2,0.2,1170.0,-400.0,280.0,-0.02,-0.2,0.16,61.9,-4.2,5.3,26.6,-2.0,2.4,,,,0.23,-0.07,0.05,1e-05,,,0.99,,,59.0,-3.9,4.8
GW191222_033537,GW191222_033537-v1,1261020955.1,1,GWTC-3-confident,https://doi.org/10.7935/b024-1886,https://gwosc.org/api/v2/event-versions/GW191222_033537-v1,45.1,-8.0,10.9,34.7,-10.5,9.3,12.5,-0.3,0.2,3000.0,-1700.0,1700.0,-0.04,-0.25,0.2,79.0,-11.0,16.0,33.8,-5.0,7.1,,,,0.51,-0.26,0.23,1e-05,,,0.99,,,75.5,-9.9,15.3
