event,status,dingo_file,gwtc_file,gwtc_group_used,n_dingo_samples,n_eff,sampling_efficiency,n_params_compared,params_dropped,plot_file
GW230601_224134,ok,/home/tpausch/ET-Dingo/LIGO/O4/inference/outdir_GW230601_224134/result/GW230601_224134_data0_1369694512-1_importance_sampling.hdf5,/scratch/tpausch/zenodo/IGWN-GWTC4p1-18965dda8_5-GW230601_224134-combined_PEDataRelease.hdf5,C00:Mixed+XO4a/posterior_samples,50000.0,85.46106267773295,0.0017092212535546592,11.0,,/home/tpausch/ET-Dingo/LIGO/O4/compare_results/GW230601_224134_corner_comparison.png
GW230627_015337,ok,/home/tpausch/ET-Dingo/LIGO/O4/inference/outdir_GW230627_015337/result/GW230627_015337_data0_1371866035-8_importance_sampling.hdf5,/scratch/tpausch/zenodo/IGWN-GWTC4p1-18965dda8_5-GW230627_015337-combined_PEDataRelease.hdf5,C00:Mixed/posterior_samples,50000.0,97.9195486886833,0.0019583909737736663,11.0,,/home/tpausch/ET-Dingo/LIGO/O4/compare_results/GW230627_015337_corner_comparison.png
GW230628_231200,ok,/home/tpausch/ET-Dingo/LIGO/O4/inference/outdir_GW230628_231200/result/GW230628_231200_data0_1372029138-4_importance_sampling.hdf5,/scratch/tpausch/zenodo/IGWN-GWTC4p1-18965dda8_5-GW230628_231200-combined_PEDataRelease.hdf5,C00:Mixed/posterior_samples,50000.0,4.304978160876784,8.609956321753568e-05,11.0,,/home/tpausch/ET-Dingo/LIGO/O4/compare_results/GW230628_231200_corner_comparison.png
GW230707_124047,ok,/home/tpausch/ET-Dingo/LIGO/O4/inference/outdir_GW230707_124047/result/GW230707_124047_data0_1372768865-3_importance_sampling.hdf5,/scratch/tpausch/zenodo/IGWN-GWTC4p1-18965dda8_5-GW230707_124047-combined_PEDataRelease.hdf5,C00:Mixed/posterior_samples,50000.0,95.7692500387653,0.0019153850007753062,11.0,,/home/tpausch/ET-Dingo/LIGO/O4/compare_results/GW230707_124047_corner_comparison.png
GW230824_033047,ok,/home/tpausch/ET-Dingo/LIGO/O4/inference/outdir_GW230824_033047/result/GW230824_033047_data0_1376883065-7_importance_sampling.hdf5,/scratch/tpausch/zenodo/IGWN-GWTC4p1-18965dda8_5-GW230824_033047-combined_PEDataRelease.hdf5,C00:Mixed/posterior_samples,50000.0,901.5578254077548,0.018031156508155094,11.0,,/home/tpausch/ET-Dingo/LIGO/O4/compare_results/GW230824_033047_corner_comparison.png
GW230914_111401,ok,/home/tpausch/ET-Dingo/LIGO/O4/inference/outdir_GW230914_111401/result/GW230914_111401_data0_1378725259-7_importance_sampling.hdf5,/scratch/tpausch/zenodo/IGWN-GWTC4p1-18965dda8_5-GW230914_111401-combined_PEDataRelease.hdf5,C00:Mixed+XO4a/posterior_samples,50000.0,997.8931360100141,0.01995786272020028,11.0,,/home/tpausch/ET-Dingo/LIGO/O4/compare_results/GW230914_111401_corner_comparison.png
GW230919_215712,ok,/home/tpausch/ET-Dingo/LIGO/O4/inference/outdir_GW230919_215712/result/GW230919_215712_data0_1379195850-0_importance_sampling.hdf5,/scratch/tpausch/zenodo/IGWN-GWTC4p1-18965dda8_5-GW230919_215712-combined_PEDataRelease.hdf5,C00:Mixed/posterior_samples,50000.0,840.3686991766199,0.0168073739835324,11.0,,/home/tpausch/ET-Dingo/LIGO/O4/compare_results/GW230919_215712_corner_comparison.png
GW230922_040658,ok,/home/tpausch/ET-Dingo/LIGO/O4/inference/outdir_GW230922_040658/result/GW230922_040658_data0_1379390836-1_importance_sampling.hdf5,/scratch/tpausch/zenodo/IGWN-GWTC4p1-18965dda8_5-GW230922_040658-combined_PEDataRelease.hdf5,C00:Mixed/posterior_samples,50000.0,437.8103188636974,0.008756206377273947,11.0,,/home/tpausch/ET-Dingo/LIGO/O4/compare_results/GW230922_040658_corner_comparison.png
GW230924_124453,ok,/home/tpausch/ET-Dingo/LIGO/O4/inference/outdir_GW230924_124453/result/GW230924_124453_data0_1379594711-8_importance_sampling.hdf5,/scratch/tpausch/zenodo/IGWN-GWTC4p1-18965dda8_5-GW230924_124453-combined_PEDataRelease.hdf5,C00:Mixed/posterior_samples,50000.0,16952.552513341237,0.33905105026682475,11.0,,/home/tpausch/ET-Dingo/LIGO/O4/compare_results/GW230924_124453_corner_comparison.png
GW230927_153832,ok,/home/tpausch/ET-Dingo/LIGO/O4/inference/outdir_GW230927_153832/result/GW230927_153832_data0_1379864330-9_importance_sampling.hdf5,/scratch/tpausch/zenodo/IGWN-GWTC4p1-18965dda8_5-GW230927_153832-combined_PEDataRelease.hdf5,C00:Mixed+XO4a/posterior_samples,50000.0,4402.244795755833,0.08804489591511666,11.0,,/home/tpausch/ET-Dingo/LIGO/O4/compare_results/GW230927_153832_corner_comparison.png
GW231028_153006,ok,/home/tpausch/ET-Dingo/LIGO/O4/inference/outdir_GW231028_153006/result/GW231028_153006_data0_1382542224-3_importance_sampling.hdf5,/scratch/tpausch/zenodo/IGWN-GWTC4p1-18965dda8_5-GW231028_153006-combined_PEDataRelease.hdf5,C00:Mixed+XO4a/posterior_samples,50000.0,9069.789604937372,0.18139579209874745,11.0,,/home/tpausch/ET-Dingo/LIGO/O4/compare_results/GW231028_153006_corner_comparison.png
GW231102_071736,ok,/home/tpausch/ET-Dingo/LIGO/O4/inference/outdir_GW231102_071736/result/GW231102_071736_data0_1382944674-4_importance_sampling.hdf5,/scratch/tpausch/zenodo/IGWN-GWTC4p1-18965dda8_5-GW231102_071736-combined_PEDataRelease.hdf5,C00:Mixed+XO4a/posterior_samples,50000.0,22895.78755258842,0.4579157510517684,11.0,,/home/tpausch/ET-Dingo/LIGO/O4/compare_results/GW231102_071736_corner_comparison.png
GW231123_135430,ok,/home/tpausch/ET-Dingo/LIGO/O4/inference/outdir_GW231123_135430/result/GW231123_135430_data0_1384782888-7_importance_sampling.hdf5,/scratch/tpausch/zenodo/IGWN-GWTC4p1-18965dda8_5-GW231123_135430-combined_PEDataRelease.hdf5,C00:Mixed+XO4a/posterior_samples,50000.0,21611.222790308388,0.43222445580616775,11.0,,/home/tpausch/ET-Dingo/LIGO/O4/compare_results/GW231123_135430_corner_comparison.png
GW231226_101520,ok,/home/tpausch/ET-Dingo/LIGO/O4/inference/outdir_GW231226_101520/result/GW231226_101520_data0_1387620938-3_importance_sampling.hdf5,/scratch/tpausch/zenodo/IGWN-GWTC4p1-18965dda8_5-GW231226_101520-combined_PEDataRelease.hdf5,C00:Mixed+XO4a/posterior_samples,50000.0,774.890656198335,0.0154978131239667,11.0,,/home/tpausch/ET-Dingo/LIGO/O4/compare_results/GW231226_101520_corner_comparison.png
GW240406_062847,skipped_no_gwtc_file,/home/tpausch/ET-Dingo/LIGO/O4/inference/outdir_GW240406_062847/result/GW240406_062847_data0_1396420145-9_importance_sampling.hdf5,,,,,,,,
GW240514_121713,ok,/home/tpausch/ET-Dingo/LIGO/O4/inference/outdir_GW240514_121713/result/GW240514_121713_data0_1399724251-7_importance_sampling.hdf5,/scratch/tpausch/zenodo/IGWN-GWTC5p0-29ebe06b7_25-GW240514_121713-combined_PEDataRelease.hdf5,C00:SEOBNRv5PHM/posterior_samples,50000.0,15.309156579704911,0.0003061831315940982,11.0,,/home/tpausch/ET-Dingo/LIGO/O4/compare_results/GW240514_121713_corner_comparison.png
GW240615_113620,ok,/home/tpausch/ET-Dingo/LIGO/O4/inference/outdir_GW240615_113620/result/GW240615_113620_data0_1402486598-7_importance_sampling.hdf5,/scratch/tpausch/zenodo/IGWN-GWTC5p0-29ebe06b7_25-GW240615_113620-combined_PEDataRelease.hdf5,C00:SEOBNRv5PHM/posterior_samples,50000.0,33012.33921773694,0.6602467843547388,11.0,,/home/tpausch/ET-Dingo/LIGO/O4/compare_results/GW240615_113620_corner_comparison.png
GW240621_195059,ok,/home/tpausch/ET-Dingo/LIGO/O4/inference/outdir_GW240621_195059/result/GW240621_195059_data0_1403034677-4_importance_sampling.hdf5,/scratch/tpausch/zenodo/IGWN-GWTC5p0-29ebe06b7_25-GW240621_195059-combined_PEDataRelease.hdf5,C00:SEOBNRv5PHM/posterior_samples,50000.0,28.438480071316466,0.0005687696014263293,11.0,,/home/tpausch/ET-Dingo/LIGO/O4/compare_results/GW240621_195059_corner_comparison.png
GW240705_053215,ok,/home/tpausch/ET-Dingo/LIGO/O4/inference/outdir_GW240705_053215/result/GW240705_053215_data0_1404192753-9_importance_sampling.hdf5,/scratch/tpausch/zenodo/IGWN-GWTC5p0-29ebe06b7_25-GW240705_053215-combined_PEDataRelease.hdf5,C00:SEOBNRv5PHM/posterior_samples,50000.0,12889.2351173404,0.257784702346808,11.0,,/home/tpausch/ET-Dingo/LIGO/O4/compare_results/GW240705_053215_corner_comparison.png
GW240919_061559,ok,/home/tpausch/ET-Dingo/LIGO/O4/inference/outdir_GW240919_061559/result/GW240919_061559_data0_1410761777-2_importance_sampling.hdf5,/scratch/tpausch/zenodo/IGWN-GWTC5p0-29ebe06b7_25-GW240919_061559-combined_PEDataRelease.hdf5,C00:SEOBNRv5PHM/posterior_samples,50000.0,36626.12459781079,0.7325224919562158,11.0,,/home/tpausch/ET-Dingo/LIGO/O4/compare_results/GW240919_061559_corner_comparison.png
GW240920_124024,ok,/home/tpausch/ET-Dingo/LIGO/O4/inference/outdir_GW240920_124024/result/GW240920_124024_data0_1410871242-9_importance_sampling.hdf5,/scratch/tpausch/zenodo/IGWN-GWTC5p0-29ebe06b7_25-GW240920_124024-combined_PEDataRelease.hdf5,C00:SEOBNRv5PHM/posterior_samples,50000.0,32879.548358680855,0.6575909671736171,11.0,,/home/tpausch/ET-Dingo/LIGO/O4/compare_results/GW240920_124024_corner_comparison.png
GW240925_005809,skipped_no_dingo_file,,,,,,,,,
GW241006_015333,ok,/home/tpausch/ET-Dingo/LIGO/O4/inference/outdir_GW241006_015333/result/GW241006_015333_data0_1412214831-5_importance_sampling.hdf5,/scratch/tpausch/zenodo/IGWN-GWTC5p0-29ebe06b7_25-GW241006_015333-combined_PEDataRelease.hdf5,C00:SEOBNRv5PHM/posterior_samples,50000.0,38480.35541053958,0.7696071082107916,11.0,,/home/tpausch/ET-Dingo/LIGO/O4/compare_results/GW241006_015333_corner_comparison.png
GW241102_124058,ok,/home/tpausch/ET-Dingo/LIGO/O4/inference/outdir_GW241102_124058/result/GW241102_124058_data0_1414586476-8_importance_sampling.hdf5,/scratch/tpausch/zenodo/IGWN-GWTC5p0-29ebe06b7_25-GW241102_124058-combined_PEDataRelease.hdf5,C00:SEOBNRv5PHM/posterior_samples,50000.0,36743.435535722325,0.7348687107144465,11.0,,/home/tpausch/ET-Dingo/LIGO/O4/compare_results/GW241102_124058_corner_comparison.png
GW241102_144729,ok,/home/tpausch/ET-Dingo/LIGO/O4/inference/outdir_GW241102_144729/result/GW241102_144729_data0_1414594067-7_importance_sampling.hdf5,/scratch/tpausch/zenodo/IGWN-GWTC5p0-29ebe06b7_25-GW241102_144729-combined_PEDataRelease.hdf5,C00:SEOBNRv5PHM/posterior_samples,50000.0,37195.46740788127,0.7439093481576253,11.0,,/home/tpausch/ET-Dingo/LIGO/O4/compare_results/GW241102_144729_corner_comparison.png
GW241127_061008,ok,/home/tpausch/ET-Dingo/LIGO/O4/inference/outdir_GW241127_061008/result/GW241127_061008_data0_1416723026-2_importance_sampling.hdf5,/scratch/tpausch/zenodo/IGWN-GWTC5p0-29ebe06b7_25-GW241127_061008-combined_PEDataRelease.hdf5,C00:SEOBNRv5PHM/posterior_samples,50000.0,33.07216004790302,0.0006614432009580604,11.0,,/home/tpausch/ET-Dingo/LIGO/O4/compare_results/GW241127_061008_corner_comparison.png
GW241129_021832,ok,/home/tpausch/ET-Dingo/LIGO/O4/inference/outdir_GW241129_021832/result/GW241129_021832_data0_1416881930-6_importance_sampling.hdf5,/scratch/tpausch/zenodo/IGWN-GWTC5p0-29ebe06b7_25-GW241129_021832-combined_PEDataRelease.hdf5,C00:SEOBNRv5PHM/posterior_samples,50000.0,70.36558527996168,0.0014073117055992336,11.0,,/home/tpausch/ET-Dingo/LIGO/O4/compare_results/GW241129_021832_corner_comparison.png
GW241130_034908,ok,/home/tpausch/ET-Dingo/LIGO/O4/inference/outdir_GW241130_034908/result/GW241130_034908_data0_1416973766-6_importance_sampling.hdf5,/scratch/tpausch/zenodo/IGWN-GWTC5p0-29ebe06b7_25-GW241130_034908-combined_PEDataRelease.hdf5,C00:SEOBNRv5PHM/posterior_samples,50000.0,49.44150292760143,0.0009888300585520285,11.0,,/home/tpausch/ET-Dingo/LIGO/O4/compare_results/GW241130_034908_corner_comparison.png
GW241225_082815,skipped_no_gwtc_file,/home/tpausch/ET-Dingo/LIGO/O4/inference/outdir_GW241225_082815/result/GW241225_082815_data0_1419150513-7_importance_sampling.hdf5,,,,,,,,
GW250108_152221,skipped_no_gwtc_file,/home/tpausch/ET-Dingo/LIGO/O4/inference/outdir_GW250108_152221/result/GW250108_152221_data0_1420384959-7_importance_sampling.hdf5,,,,,,,,
GW250114_082203,skipped_no_gwtc_file,/home/tpausch/ET-Dingo/LIGO/O4/inference/outdir_GW250114_082203/result/GW250114_082203_data0_1420878141-2_importance_sampling.hdf5,,,,,,,,
GW250118_170523,skipped_no_gwtc_file,/home/tpausch/ET-Dingo/LIGO/O4/inference/outdir_GW250118_170523/result/GW250118_170523_data0_1421255141-2_importance_sampling.hdf5,,,,,,,,
GW250119_025138,skipped_no_gwtc_file,/home/tpausch/ET-Dingo/LIGO/O4/inference/outdir_GW250119_025138/result/GW250119_025138_data0_1421290316-8_importance_sampling.hdf5,,,,,,,,
